P102858	H.	Gawlik,P103634	H.	Kulsrud,P109500	Henry	Bowlden,P112744	Hugh	Lauer,P116487	Ingolf	Grieger,P116968	Irwin	Kabak,P12241	Alan	Batson,P12568	Alan	Konheim,P126779	J.	Quadrat,P131045	Jacques	Lenfant,P132387	James	Haag,P13315	Alberto	Sangiovanni-Vincentelli,P136784	Jean-Michel	Autebert,P137598	Jeffrey	Buzen,P138944	Jerre	Noe,P142504	Johann	B\\_amp\\_#246;hme,P146096	John	Spragins,P146619	John	Woolley,P148744	Joseph	Balintfy,P149314	Joseph	Ossanna,P158324	Kazimierz	Malanowski,P174256	Luigi	Fratta,P181287	M.	MacLaren,P182209	M.	Nikolskii,P18590	Andries	Dam,P188045	Marco	Somalvico,P189486	Mario	Cin,P195009	Maurice	Karnaugh,P210298	Norman	Nielsen,P210678	O.	Bosgra,P215670	P.	Jackson,P21812	Arnold	Ockene,P218535	P.	Wodon,P226321	Philip	Kiviat,P227176	Piero	Sguazzero,P231277	R.	Chevance,P233459	R.	Klimpel,P235600	R.	Scantlebury,P235718	R.	Scowen,P238473	Ralph	London,P240445	Reiner	Hartenstein,P240899	Renzo	Sprugnoli,P242226	Richard	Jenks,P243381	Richard	Zwakenberg,P245859	Robert	Millstein,P248147	Roger	Wets,P249263	Ronald	Srodawa,P250168	Rudolph	Krutar,P250590	Rutger	Verbeek,P268296	Stephen	Garland,P268640	Stephen	Ness,P270720	Stuart	Madnick,P276169	T.	Rourke,P27711	Barbara	Liskov,P279919	Theodore	Linden,P283978	Tomlinson	Rauscher,P285563	Tullio	Zolezzi,P28820	Benjamin	Brosgol,P291571	Vinton	Cerf,P293790	W.	Hagamen,P29394	Bernard	Schroer,P296703	Ward	Maurer,P298773	William	Clarkson,P298843	William	Crowther,P309458	Zdzislaw	Pawlak,P318347	B.	Clark,P319123	D.	Atkinson,P31970	Bradford	Wade,P328770	A.	Beged Dov,P328771	A.	Bendazzi,P328778	A.	Buchanan,P328791	A.	Economos,P328823	A.	Lipinski,P328833	A.	Mollegen,P328845	A.	Quanbury,P328855	A.	Sedgwick,P328862	A.	Tirrell,P328891	Aharon	Beged-Dov,P328905	Alan	Beckenstein,P328912	Alan	Merten,P328931	Albert	Whetstone,P328965	Allen	Fonda,P328998	Andrew	Lipinski,P329006	Andrew	Wong,P329033	Anthony	Au,P329038	Anthony	Lucido,P329116	B.	Helbrough,P329117	B.	Hignnet,P329143	BJ\\_amp\\_#248;rn	Myhrhaug,P329150	Barbara	Haskins,P329220	Billy	Easter,P329268	Bryan	Bremner,P329273	C	Allen,P329297	C.	Carmichael,P329319	C.	Geschke,P329327	C.	Jambotkar,P329338	C.	Masaitis,P329344	C.	Montagnon,P329389	Carl	Young,P329392	Carlo	Paoil,P329414	Carter	Franklin,P329434	Charles	Crabtree,P329481	Charles	Willis,P329511	Christopher	Green,P329522	Cl.	Hans,P329541	Clifford	Petersen,P329560	D.	Barber,P329583	D.	Ebeling,P329617	D.	Lach,P329622	D.	Lewis,P329624	D.	Linden,P329631	D.	Manson,P329650	D.	Ross,P329651	D.	Salmon,P329660	D.	Sifferd,P329670	D.	Townsend,P329748	David	Bussard,P329766	David	Grant,P329794	David	Nee,P329822	David	Weamer,P329831	David	Wyeth,P329883	Don	Lyle,P329890	Donald	Austin,P329892	Donald	Bowersox,P329918	Donald	Kosy,P329923	Donald	Oestreicher,P329926	Donald	Pearson,P329958	Douglas	Dobbs,P329989	E.	DeLand,P330005	E.	Hronik,P330006	E.	Hurst,P330010	E.	Katz,P330027	E.	Newhall,P330034	E.	Reigel,P330035	E.	Reigel,P330066	Edward	Battersby,P330070	Edward	Broad,P330080	Edward	Grenier,P330085	Edward	Marien,P330088	Edward	Morgan,P330097	Edward	Watanabe,P330182	Eugene	Telep,P330214	F.	Kennedy,P330222	F.	Mastromonaco,P330224	F.	Morioka,P330258	Francis	Sand,P330265	Francois	Broca,P330268	Frank	Cesario,P330277	Frank	Pfaff,P330346	G.	Dangel,P330358	G.	Herman,P330365	G.	Knott,P330380	G.	Raju,P330419	Gary	Carlson,P330441	Gayle	Adams,P330458	Georg	Walch,P330481	George	Lazik,P330495	George	Stabler,P330513	Gerald	Robinson,P330525	Gerd	Sapper,P330526	Gerda	Woxen,P330528	Gerhard	Hanneman,P330540	Gilbert	Gordon,P330556	Glenn	Holloway,P330586	Guillermo	Ponce-Campos,P330599	H.	Anderson,P330603	H.	B\\_amp\\_#252;rkle,P330611	H.	Bowen,P330619	H.	Downs,P330626	H.	Greenfield,P330633	H.	Horton,P330661	H.	Savary,P330663	H.	Schwenk,P330672	H.	Watson,P330716	Harry	Felder,P330723	Harry	Page,P330734	Harvey	Bingham,P330736	Harvey	Greenfield,P330767	Henry	Grooms,P330787	Herbert	Shukiar,P330793	Hermann	Gabler,P330816	Horst	Ulfers,P330846	I.	Mitchell,P330868	Ira	Cotton,P330883	Isadore	Goldhirsh,P330912	J.	Apperson,P330925	J.	Bellino,P330934	J.	Broadbent,P330958	J.	Donnelly,P330961	J.	Dougherty,P331009	J.	Jenkins,P331013	J.	Keeney,P331040	J.	Metsos,P331072	J.	Peterson,P331093	J.	Salz,P331097	J.	Schengili,P331113	J.	Sperrazza,P331116	J.	Sussman,P331127	J.	Walton,P331142	J.	Wright,P331155	Jack	Levine,P331203	James	Hargis,P331211	James	Juckett,P331217	James	Lehr,P331224	James	March,P331323	Jean	Saylor,P331337	Jeanne	Hudgins,P331356	Jeffrey	Waxweiler,P331366	Jerome	Uhrig,P331368	Jerry	Babbin,P331376	Jerry	Hooley,P331377	Jerry	Katzke,P331435	John	Barker,P331453	John	Burt,P331460	John	Cetinich,P331474	John	Ehrman,P331480	John	Fraser,P331517	John	Loose,P331556	John	Rudy,P331557	John	Ryder,P331567	John	Snyder,P331597	Jon	Buyan,P331599	Jon	Fellers,P331602	Jon	Shapiro,P331764	Kathleen	Rutter,P331795	Keith	Tognetti,P331819	Kenneth	Hayward,P331824	Kenneth	Klein,P331834	Kenneth	Simon,P331907	L.	Goodman,P331915	L.	Johnson,P331948	L.	Terry,P331975	Larry	Cuneo,P332004	Lawrence	Akutagawa,P332009	Lawrence	Hillman,P332023	Lawrence	Watters,P332029	Leang	Yeh,P332031	Lee	Bates,P332062	Leroy	Sanders,P332096	Louis	Bolliet,P332106	Lowell	Hackbarth,P332107	Lowell	Jerpe,P332121	Lyman	Dennis,P332141	M.	Anderson,P332143	M.	Bartakke,P332148	M.	Berthaud,P332154	M.	Buchner,P332190	M.	Jacolin,P332224	M.	Parker,P332241	M.	Stephenson,P332304	Marjorie	Devaney,P332313	Mark	Garman,P332319	Mark	Horovitz,P332424	Michael	Araten,P332443	Michael	Gilman,P332447	Michael	Kelly,P332483	Michael	Vasilik,P332487	Michael	Wolfberg,P332567	N.	Hutson,P332583	N.	Wilson,P332615	Nguyen	Thi,P332639	Norman	Glass,P332658	O.	Uyehara,P332674	Owen	Miller,P332683	P.	Barker,P332691	P.	Bourgeois,P332702	P.	Cooley,P332711	P.	Dulchinos,P332740	P.	Myers,P332747	P.	Redwood,P332761	P.	Wahi,P332814	Paul	Becker,P332831	Paul	Kosteva,P332845	Paul	Sherman,P332884	Peter	Bond,P332908	Peter	Shaw,P332919	Ph.	Potin,P332932	Philip	Drew,P332937	Philip	Hicks,P332961	Pierre	Du Bois,P332992	R.	Ceci,P333001	R.	Cowley,P333025	R.	Goldberg,P333034	R.	Hazlett,P333069	R.	Maher,P333089	R.	Pasternak,P333123	R.	Shrager,P333128	R.	Soule,P333135	R.	Thiele,P333144	R.	Waina,P333145	R.	Wainwright,P333147	R.	Walkley,P333232	Richard	Baxter,P333237	Richard	Booy,P333252	Richard	Dumas,P333262	Richard	Garrett,P333279	Richard	Kogut,P333292	Richard	Merwin,P333321	Richard	Swersey,P333369	Robert	Chang,P333381	Robert	DeMoyer,P333421	Robert	Joyner,P333462	Robert	Seeman,P333470	Robert	Snelsire,P333503	Roger	Kaufman,P333504	Roger	Krieger,P333511	Roger	Stuebing,P333515	Rogers	Lui,P333555	Ronald	Pettit,P333557	Ronald	Schwarz,P333597	Russell	Tahmoush,P333614	S.	Ferguson,P333615	S.	Galley,P333647	S.	McAulay,P333648	S.	Morganstein,P333670	S.	Turney,P333671	S.	Walker,P333675	S.	Yagil,P333689	Salvatore	Catania,P333717	Sanford	Schram,P333757	Sherman	Hunter,P333813	Stephen	Levine,P333822	Stephen	Swerling,P333840	Steven	Dzubow,P333858	Steven	Schlesinger,P333982	Tasker	Generes,P334097	Tom	Carroll,P334144	Tung	Au,P334154	Ugo	Gagliardi,P334190	Victor	Schneider,P334211	Vittore	Casarosa,P334231	W.	Copes,P334244	W.	Farmer,P334250	W.	Frayer,P334256	W.	Hall,P334284	W.	Neisius,P334285	W.	Nilsson,P334292	W.	Price,P334297	W.	Rowe,P334305	W.	Struble,P334327	Walter	Kosinski,P334349	Wayne	Minger,P334396	William	Eicker,P334438	William	McClelland,P334471	William	Thompson,P340093	A.	Dudick,P340144	Alan	Ballard,P340245	B.	Dickman,P340313	Bruce	Bolas,P340315	Bruce	Eisenstein,P340339	C.	Fisher,P340436	Charles	Moore,P340504	D.	Bordsen,P340556	D.	Sherman,P340645	Dennis	Birke,P340667	Diwakar	Gan,P340698	Donald	Karp,P340702	Donald	Nowakoski,P340751	E.	Harslem,P340848	F.	Dell,P340910	G\\_amp\\_#233;rald	Belpaire,P340935	G.	McAuliffe,P340964	Gary	Holtwick,P340999	George	White,P341001	Gerald	Chandler,P341042	H.	Blank,P341053	H.	Haynes,P341235	J.	Ray,P341238	J.	Rissen,P341276	Jacques	LaFrance,P341310	James	Madden,P341338	Jean	Ichbiah,P341340	Jean	Wilmotte,P341347	Jeffrey	Buzen,P341381	John	Bagwell,P341458	Joseph	Austin,P341504	K.	Kakehi,P341604	L.	Schutte,P341646	Leroy	Smith,P341716	M.	Lay,P341725	M.	Notley,P341758	Marc	Grushcow,P341809	Max	Beere,P341880	N.	Denil,P341886	N.	McAllister,P341918	Neil	Sullivan,P341955	P	Wilkinson,P341978	P.	Trafton,P342092	R	Scantlebury,P342168	R.	Noonan,P342186	R.	Sligh,P342205	R.	Wilkov,P342317	Robert	Brundage,P342338	Robert	Freiburghouse,P342339	Robert	Freiburghouse,P342373	Robert	Metcalfe,P342379	Robert	Northcote,P342482	Salomon	Seroussi,P342532	Stanley	Rosenblum,P342598	T.	Simauti,P342625	Teun	Gils,P342643	Thomas	Fitzsimons,P342696	U.	Strahlendorf,P342699	V.	Basili,P342861	Y.	Paternot,P3904846	Melvin	Klerer,P3904847	Juris	Reiiifelds,P3904848	Melvin	Klerer,P3904849	Burton	Fried,P3904850	A.	Falkoff,P3904851	K.	Iverson,P3904852	Roger	Lazarus,P3904853	Mark	Wells,P3904854	John	Wooten,P3904855	Robert	Seitz,P3904856	Lawrence	Wood,P3904857	Charles	Ely,P3904858	Lawrence	Symes,P3904859	Roger	Roman,P3904860	Anthony	Hearn,P3904861	Stewart	Schlesinger,P3904862	Lawrence	Sashkin,P3904863	Kenneth	Reed,P3904864	Howard	Matthews,P3904865	Gerald	Bradley,P3904866	Rene	De Vogelaere,P3904867	Edgar	Sibley,P3904868	Jonathan	Millen,P3904869	Raymond	Wiesen,P3904870	Douwe	Yntema,P3904871	James	Forgie,P3904872	Arthur	Stowe,P3904873	Krzysztof	Frankowski,P3904874	C.	Zimmerman,P3904875	S.	Schlesinger,P3904876	L.	Sashkin,P3904877	C.	Aumann,P3904878	Melvin	Klerer,P3904879	Fred	Grossman,P3904880	Charles	Amann,P3904881	D.	Manelski,P3904882	H.	Lefkovits,P3904883	H.	Hebert,P3904884	C.	Abraham,P3904885	T.	Pearcey,P3904886	J.	Mitchell,P3904887	A.	Perlis,P3904888	H.	Van Zoeren,P3904889	A.	Jett,P3904890	Richard	Plocica,P3904891	Kenneth	Lock,P3904892	Kenneth	Busch,P3904893	Gottfried	Luderer,P3904894	Adrian	Ruyle,P3904895	E.	Coffman,P3904896	G.	Patton,P3904897	James	Haag,P3904898	G.	Manacher,P3904899	Richard	Cullen,P3904900	John	Rice,P3904901	Herbert	Bright,P3904902	L.	Gallaher,P3904903	I.	Perlin,P3904904	Joseph	Muskat,P3904905	Francis	Sullivan,P3904906	Paul	Borman,P3904907	Arthur	Priver,P3904908	Barry	Boehm,P3904909	Lyle	Smith,P3904910	Anne	Ammerman,P3904911	Glen	Culler,P3904912	Peter	Hill,P3904913	Arthur	Stowe,P3904914	L.	Breed,P3904915	R.	Lathwell,P3904916	Roger	Roman,P3904917	Lawrence	Symes,P3904918	Juris	Reinfelds,P3904919	Carlos	Christensen,P3904920	Robert	Anderson,P3904921	Helen	Willett,P3904922	Burton	Fried,P439965	A.	Artegiani,P440002	A.	Bella,P440259	A.	Giommoni,P440267	A.	Goldmann,P440306	A.	Hartmann,P44075	Charles	Turk,P440805	A.	Tomasin,P442444	Alfred	Schmitt,P443346	Andreas	Lie,P443700	Andrzej	Hatko,P443726	Andrzej	Szymanski,P444458	Antonio	Ruberti,P445338	B.	Abbiati,P445636	B.	Sv\\_amp\\_#228;rdson,P446225	Bernardo	Nicoletti,P446278	Bernd	Krieg,P447448	C.	Badi,P447487	C.	Boulenguez,P447520	C.	Chignoli,P447642	C.	Holtham,P447730	C.	Macleod,P447787	C.	Parrella,P449375	Christian	Marchal,P451004	D.	Rave,P451061	D.	Silvie,P452851	Dieter	Schrammel,P453364	Donald	Yett,P453688	E.	Biondi,P453840	E.	Kiukaanniemi,P453995	E.	Suonsivu,P454001	E.	Tomasin,P454760	Emil	Klafszky,P454904	Enrico	Martino,P455824	F.	G\\_amp\\_#243;mez-Pallete,P455953	F.	Montevecchi,P457914	G.	Borgonovo,P457929	G.	Burgess,P458061	G.	Gschwind,P458326	G.	Sanchez,P458433	G.	Wells,P458451	G.	Zoutendijk,P459117	Gerd	Kaufholz,P459136	Gerda	Schott,P459148	Gerhard	Beckhoff,P459185	Gerhard	Mersmann,P459389	Gianni	Aguzzi,P459535	Giorgio	Tagliabue,P459635	Giulio	Treccani,P460848	H.	Ovenhausen,P460892	H.	Robin,P460950	H.	Siegler,P461371	Hans-J\\_amp\\_#252;rgen	Skronn,P461451	Hans	Brinckmann,P461533	Hans	P\\_amp\\_#228;rli,P461706	Harold	Stalford,P462232	Helmut	Hummel,P462490	Herbert	Kopp,P465233	J.	Ainsley,P465252	J.	Apter,P465314	J.	Blin,P465392	J.	Christoffersen,P465495	J.	Evtushenko,P465892	J.	Pachaly,P466180	J.	Yvon,P466293	Jacob	Marschak,P467494	Jean-Pierre	Peltier,P467976	Jerome	Mersky,P468599	Jo\\_amp\\_#235;l	Coffy,P468689	Joachim	Steinchen,P468692	Joachim	Swoboda,P469256	John	Milsum,P471034	K.	Boskma,P471744	Karl-Heinz	B\\_amp\\_#246;hling,P473128	Klaus	Leinemann,P473876	L\\_amp\\_#225;szl\\_amp\\_#243;	Kov\\_amp\\_#225;cs,P473960	L.	Cevallos,P473982	L.	Divieti,P474065	L.	Letty,P474292	Larry	Kimbell,P474557	Lawrence	Taylor,P474696	Leon	Slominski,P474703	Leonard	Drabek,P475750	Lutz	Eichner,P476004	M.	Bouckaert,P476207	M.	Fleck,P476575	M.	Mogridge,P477109	Magane	Fjeld,P477295	Malte	Berg,P477372	Manfred	Langenbach-Belz,P478328	Marian	Faner,P479607	Masano	Aoki,P482019	Mohamed	Dajani,P484833	P.	Cos,P484896	P.	Franzone,P485256	P.	Valk,P486669	Peter	Hecheltjen,P487116	Ph.	Cambon,P487553	Pierre	Yansouni,P488130	R.	Conti,P488201	R.	Fumero,P489435	Raymond	Rink,P490977	Romain	Henrion,P493153	Sebastiaan	Solms,P494265	Sigmar	Uhlig,P494916	Stan	Czamanski,P494945	Stanislaw	Walukiewicz,P495327	Stein	Meyer,P496257	Sverre	Aam,P496608	T.	Lef\\_amp\\_#232;vre,P498177	Thomas	R\\_amp\\_#248;geberg,P500065	V.	Blagodatskih,P501389	W.	Naeije,P501409	W.	Poths,P501625	Walter	Sonnenberg,P501721	Wayne	Hullett,P502123	Wilhelm	Rosenbohm,P502124	Wilhelm	Steinm\\_amp\\_#252;ller,P502480	Wolfgang	Escher,P61209	David	DeVaney,P62684	David	Luckham,P64177	David	Udin,P68360	Donald	Crouch,P68430	Donald	Gaver,P75846	Egidio	Astesiano,P84463	Flaminio	Borgonovo,P85135	Francesca	Cesarini,P85200	Francesco	Maffioli,P86412	Franz	Geiselbrechtinger,P91185	G.	Mihram,P94409	Gary	Whitehouse,P95456	George	Fishman,P95703	George	Lissandrello,P96328	Gerald	Clancy,P99609	Gregor	Bochmann,PP14013879	Gerald	Cole,PP14014618	A.	Bosman,PP14014814	Leland	Williams,PP14016855	Malcolm	Harrison,PP14016859	Michael	Harrison,PP14017061	James	Browne,PP14017468	D.	Mills,PP14017484	David	Mills,PP14018460	Peter	Schefe,PP14021473	Alfred	Aho,PP14021556	S.	Gupta,PP14022159	J.	Heliard,PP14024357	Benjamin	Mittman,PP14027502	R.	Rockafellar,PP14028112	Donald	Blumberg,PP14030437	Arie	Shoshani,PP14031290	Harold	Sackman,PP14031951	Arthur	Little,PP14033197	Peter	Falster,PP14033639	E.	Fuchs,PP14033904	E.	Hotzel,PP14036114	Hans-J\\_amp\\_#252;rgen	Hoffmann,PP14036244	W.	Smith,PP14037681	G.	Romanin-Jacur,PP14037701	Rod	Burstall,PP14039345	Charles	Grant,PP14039614	Paul	Oliver,PP14042532	Robert	Holland,PP14043706	Peter	Jackson,PP14044069	Andrzej	Wierzbicki,PP14045641	Dennis	Frailey,PP14046148	Robert	Anderson,PP14047277	Peter	Chen,PP14052206	Y.	Bard,PP14056789	R.	McKeag,PP14061104	Joachim	Biskup,PP14061228	Leo	Cohen,PP14061971	Stephan	Braun,PP14063183	Vaclav	Rajlich,PP14063577	A.	Frick,PP14063711	Arto	Salomaa,PP14064295	Jochen	Schneider,PP14065004	Hans	Schneider,PP14065997	Edward	Blum,PP14067601	J.	Katzenelson,PP14067654	Donald	Miller,PP14068562	Wayne	Wagner,PP14068603	J.	Wagner,PP14073963	N.	Suzuki,PP14074294	A.	Titli,PP14074446	D.	Davies,PP14074713	C.	Attanasio,PP14074775	Gerhard	Winkler,PP14076222	Antonio	Restivo,PP14076662	Harold	Lawson,PP14076785	E.	Milgrom,PP14079526	Paul	Roth,PP14081585	S.	Weinstein,PP14083952	W.	Runggaldier,PP14084199	P.	Wang,PP14089689	J.	Turner,PP14092635	J.	Baranger,PP14092923	Wilfried	Brauer,PP14093719	Joachim	Griese,PP14094567	S.	Giulianelli,PP14094791	W.	Chang,PP14095433	F.	Greco,PP14095910	R.	Baker,PP14096545	Michael	Schroeder,PP14099535	M.	Snelling,PP14102061	Thomas	Schriber,PP14103388	Michael	Paterson,PP14104769	J.	Cadiou,PP14105005	M.	Singh,PP14105250	Gerardo	Costa,PP14105505	W.	Sacco,PP14106382	D.	Sch\\_amp\\_#252;tt,PP14107797	Maurice	Halstead,PP14108498	E.	Diday,PP14110411	C.	Pack,PP14111893	R.	Mohler,PP14113665	H.	Scheidig,PP14113916	Dietrich	Fischer,PP14114891	Philippe	Jorrand,PP14115906	Klaus	Grimmer,PP14116189	F.	Rodriguez,PP14117989	Armin	Cremers,PP14118416	Jan	Maluszynski,PP14119316	Stephen	Kimbleton,PP14120195	Karel	Cul\\_amp\\_#237;k,PP14122284	Wolfgang	Paul,PP14127568	James	George,PP14128160	Clement	McGowan,PP14128655	Roland	Glowinski,PP14131701	A.	Frank,PP14133807	Klaus	Lenk,PP14134805	R.	Aguilar,PP14135248	Howard	Falk,PP14137144	A.	Fernandez,PP14138979	Paul	Schmitz,PP14141770	James	Painter,PP14142208	Bernd	Meister,PP14142511	J.	Gray,PP14143458	Gordon	Bell,PP14143591	Thomas	Bell,PP14149467	F.	Giannessi,PP14150883	T.	Fujisaki,PP14150895	Alain	Bensoussan,PP14151828	Jeanne	Martin,PP14154175	Claudio	Baiocchi,PP14154646	R.	Rabagliati,PP14155090	Michel	Sintzoff,PP14155877	H.	Hummel,PP14158903	J.	Johnson,PP14159776	J.	Hill,PP14163201	James	Armstrong,PP14163202	J.	Armstrong,PP14163217	J.	Armstrong,PP14165132	Volker	Claus,PP14168227	G.	Rose,PP14168467	P.	Uronen,PP14168970	M.	Frankel,PP14170897	C.	Frasson,PP14171538	Stephen	Zilles,PP14172130	Robert	Goldberg,PP14172198	Martin	Goldberg,PP14172989	M.	Zelkowitz,PP14173105	R.	Bergeron,PP14173399	Robert	Graham,PP14173416	Robert	Graham,PP14173484	Horst	Wedde,PP14174617	K.	Weiss,PP14175095	Bruno	Simeone,PP14175401	J.	Zabczyk,PP14175452	Leslie	Valiant,PP14175948	A.	Balakrishnan,PP14178026	Alain	Haurie,PP14179552	S.	Habib,PP14180483	B.	Leavenworth,PP14181306	James	Emery,PP14184466	Max	Wilson,PP14190730	G.	Grateloup,PP14192250	R.	Grimm,PP14192759	T.	Kasvand,PP14192982	R.	Jones,PP14194092	J.	Heafner,PP14197959	N.	Tendolkar,PP14200091	L.	Panattoni,PP14200135	Bernard	Robinet,PP14200140	Bernard	Robinet,PP14204497	Ken	Magel,PP14205122	J.	Hayes,PP14205385	E.	H\\_amp\\_#228;nsler,PP14207823	Thomas	Standish,PP14207962	A.	Gallo,PP14213718	James	White,PP14218660	Gio	Wiederhold,PP14219669	Peter	Jensen,PP14222470	D.	Weber,PP14222622	J.	Weber,PP14223523	R.	Allen,PP14224501	Christoph	Schlier,PP15019469	Josef	Kittler,PP15021756	Zohar	Manna,PP15028048	Klaus	Indermark,PP15028050	Klaus	Indermark,PP15029486	Thomas	Ottmann,PP15030569	David	Wood,PP15032228	David	Thompson,PP15032440	Andrew	Whinston,PP15032725	J.	Beauquier,PP15033443	D.	Grossman,PP15034062	Otto	Spaniol,PP15034660	Kevin	Reilly,PP15039075	Peter	Neumann,PP1700024100	Eberhard	Bertsch,PP2100030800	Kumares	Sinha,PP26001919	Alain	Haurie,PP27000207	P.	Oliva,PP30024180	R.	Anderson,PP309166000	D.	Morrison,PP309191000	John	Slimick,PP309243700	Clement	McGowan,PP309246500	Ravinder	Nanda,PP309274000	Wesley	Chu,PP309284800	Omar	Helferich,PP309380000	George	Rossmann,PP309390100	Dale	Rummer,PP309579800	Wesley	Chu,PP309972300	Hartwig	Steusloff,PP310007000	Manfred	Kudlek,PP310014500	Winfried	Blumann,PP310018100	Franz-Josef	Brandenburg,PP310042500	Volker	Penner,PP310053200	Eckhard	Falkenberg,PP310076300	Jean-Pierre	Aubin,PP310120900	Otto	Mayer,PP31022936	Dennis	Tsichritzis,PP31023011	Jack	Dennis,PP31023012	Jack	Dennis,PP310232700	P.	Palermo,PP310242600	Renzo	Pinzani,PP310249000	Hans-Georg	Stork,PP31025055	Julius	Surkis,PP31028564	S.	Reghizzi,PP31030365	James	Miller,PP310310400	Edoardo	Mosca,PP31032103	J.	Ichbiah,PP310328200	Elmar	Cohors-Fresenborg,PP31033297	Donald	Ingerman,PP31033662	M.	Segal,PP31034095	Michael	Schroeder,PP310341500	Emilio	Spedicato,PP31034546	Dominique	Potier,PP310350000	Michael	Intriligator,PP310372000	J.	Skwirzynski,PP310373800	Otto	Mayer,PP310378100	Jean-Louis	Goffin,PP31041029	Bernard	Lang,PP310413300	Darren	Bayliss,PP31042297	Paul	Abrahams,PP31042893	Robert	Kahn,PP31042942	J.	Winograd,PP31043150	Karl	D\\_amp\\_#252;rre,PP310433200	Pavol	Brunovsk\\_amp\\_#253;,PP31044014	J.	Duby,PP31044809	J.	Graham,PP31044842	Robert	Graham,PP31045999	Charles	Prenner,PP31048308	R.	Herman,PP310487000	M.	Viot,PP310487100	J.	Kernevez,PP310489100	I.	Ligeti,PP31049098	S.	Arora,PP31051406	Ben	Wegbreit,PP310525100	Ulrich	Schumann,PP310582500	Julius	Tou,PP310590000	Hans-Dieter	Ehrich,PP310678600	Alfons	Jammel,PP31069695	D.	Austin,PP31069883	Yonathan	Bard,PP310710500	Tommaso	Toffoli,PP31071519	E.	Ashcroft,PP310720600	J.	Kernevez,PP31073218	G.	Coulouris,PP31074882	S.	Clark,PP31080084	Martin	Hopkins,PP31081493	Harold	Hixson,PP31081523	Harold	Hixson,PP31082228	M.	Kelly,PP31082637	Donald	Ingerman,PP31082785	Melvin	Klerer,PP310832300	Sigram	Schindler,PP31085005	Ken	Knowlton,PP31086905	James	Miller,PP31087002	David	Mishelevich,PP31088854	Richard	Nolan,PP31090336	Martin	Pfaff,PP31090347	Martin	Pfaff,PP31090730	Jackie	Potts,PP31092282	Robert	Roesser,PP31093287	John	Quackenbush,PP31094786	E.	Russell,PP31099623	Paul	Tuan,PP31101691	P.	Wilkinson,PP35044216	John	Donovan,PP37027466	Michael	Hammer,PP37038380	Robin	Milner,PP39022699	Alexandre	Brandwajn,PP39022903	Daniel	Berry,PP39023189	Harlan	Mills,PP39023827	Lars	Blomberg,PP39025271	Jean	Cea,PP39031136	Alain	Pirotte,PP39031224	Detlef	Wotschke,PP39031733	H.	Lawson,PP39031829	J.	King,PP39032531	William	Riddle,PP39034586	Jean	Sammet,PP39035563	Mike	Paterson,PP39036550	M.	Wilkes,PP39036758	James	Foley,PP39037707	Barbara	Liskov,PP39038756	Wolfgang	Hesse,PP39039094	Ravi	Sethi,PP39039882	J.	Lions,PP39040075	Giovanni	Soda,PP39040114	Heinz	Beilner,PP39040143	Stephen	Sherman,PP39040539	James	Griesmer,PP39040761	Kristen	Nygaard,PP39040911	Ingbert	Kupka,PP39041022	Luigi	Mariani,PP39042297	Bertram	Herzog,PP39043355	David	Farber,PP39043895	Robert	Herriot,PP39044334	Karl	Levitt,PP39045443	Erol	Gelenbe,PP39045730	Ingrid	Carlbom,PP39046135	Michael	Polis,PP39046482	R\\_amp\\_#252;diger	Valk,PP39046510	Forest	Baskett,PP39047569	Julian	Reitman,PP39047880	Stephen	Smoliar,PP39048855	Edgar	Sibley,PP39049159	E.	Neuhold,PP39049445	Guri	Marchuk,PP39049567	Erwin	Engeler,PP39049755	Joe	Mize,PP39050036	D.	Cowan,PP39050428	Maria	Weller,PP39050639	Stephen	Schuman,PP39052556	Frances	Allen,PP39053136	Ole-Johan	Dahl,PP39053684	W.	Enright,PP39055462	T.	Cheatham,PP39062961	J.	Horning,PP39071195	Lloyd	Dickman,PP39071751	Michael	Fischer,PP39073049	G.	Herman,PP39073289	H.	Holmes,PP39073427	T.	Hull,PP39073870	Louise	Jones,PP39073928	C	Jones,PP39074173	J.	Bubenko,PP39074935	John	Lee,PP39075334	G.	Lodwick,PP39076672	John	Gannon,PP39077681	G.	Herman,PP39077895	Harvard	Holmes,PP39079137	Burton	Smith,PP39079744	H.	Strong,PP39080288	John	McCredie,PP39080924	Peter	Wegner,PP39080927	Mark	Wells,PP39081092	D.	Wile,PP39081370	John	OLeary,PP39081620	D.	Parnas,PP39083281	Jack	Shemer,PP39085659	W.	Wright,PP39096328	Robert	Heilman,PP39097743	Edward	Fuchs,PP39098472	Robert	Goldberg,PP39098549	Robert	Goldberg,PP39103166	James	Morris,PP39107381	Stephen	Schuman,PP39109729	Julian	Reitman,PP39112372	Mark	Wells,PP39115457	Maria	Weller,PP40024465	Rodnay	Zaks,PP40024645	E.	Wada,PP40025634	R.	Hamlet,PP40026682	A.	Al-Khalili,PP40027290	David	Thompson,PP40029187	Paul	Kosinski,PP40029465	N.	Yoneda,PP40034936	J.	Baer,PP40036112	Raymond	Miller,PP40037298	W.	Wulf,PP40041686	R.	Wexelblat,PP42049082	J.	Browne,PP42049161	Sanjoy	Mitter,PP42050496	T.	Cheatham,PP42052223	Robert	Graham,PP42052369	Jean	Vuillemin,PP43120310	Peter	Denning,PP43121067	Jerzy	Grzymala-Busse,PP43122105	Klaus	Weihrauch,PP43126406	Michel	Delfour,PP43131063	C.	Liu,PP43135892	J.	Horning,PP43136470	Gio	Wiederhold,PP43136678	James	Morris,PP43137982	John	Cocke,PP43144682	J.	Ullman,PP45022749	Olivier	Lecarme,PP45024816	Burkhard	Monien,PP77032837	C.	Wong,PP77033563	Efrem	Mallach,PP95030056	Richard	Holt,PP95034697	Victor	Lesser,PP95041575	Wolfgang	Paul,PP95044725	Edward	Coffman